{"train_loss": [0.20406334102153778, 0.18347422778606415, 0.16442328691482544, 0.14628461003303528, 0.12934386730194092, 0.11328299343585968, 0.09824520349502563, 0.08445245027542114, 0.07183589041233063, 0.061467524617910385, 0.05381491780281067, 0.05023035779595375, 0.05158410593867302, 0.056770894676446915, 0.06096474081277847, 0.06114364415407181, 0.05779479816555977, 0.053221553564071655, 0.04890517145395279, 0.04577792063355446, 0.04377539083361626, 0.042743731290102005, 0.042296528816223145, 0.04231930896639824, 0.04206744581460953, 0.041565027087926865, 0.040681593120098114, 0.039377178996801376, 0.03753240033984184, 0.03518587350845337, 0.03246130421757698, 0.029559046030044556, 0.02649611607193947, 0.023851584643125534, 0.021741684526205063, 0.02028590999543667, 0.01921228878200054, 0.016591181978583336, 0.011686610989272594, 0.007854163646697998, 0.006615630351006985, 0.006195706315338612, 0.005371679551899433, 0.005503636319190264, 0.0072465576231479645, 0.006715741008520126, 0.006711961235851049, 0.006775755435228348, 0.005662856623530388, 0.0042360094375908375, 0.003692741971462965, 0.0032495406921952963, 0.0024155692663043737, 0.001890632207505405, 0.0018931839149445295, 0.0019850474782288074, 0.0019435440190136433, 0.0019512488506734371, 0.0019087815890088677, 0.0020463811233639717], "test_loss": [1.9774442911148071, 1.9029673337936401, 1.827364444732666, 1.749653935432434, 1.668816089630127, 1.5837411880493164, 1.4932469129562378, 1.3960398435592651, 1.2907910346984863, 1.1765590906143188, 1.0540258884429932, 0.9292929172515869, 0.8211804628372192, 0.7521759867668152, 0.7244283556938171, 0.7274389863014221, 0.7496088147163391, 0.7815127968788147, 0.8159302473068237, 0.847823977470398, 0.8738198280334473, 0.8918806910514832, 0.9007517099380493, 0.8995873928070068, 0.8877484798431396, 0.8646295666694641, 0.8295599818229675, 0.7816963195800781, 0.720026969909668, 0.6434561610221863, 0.5512449145317078, 0.44390371441841125, 0.325434148311615, 0.20679113268852234, 0.1077708899974823, 0.047566115856170654, 0.0252691563218832, 0.021907711401581764, 0.023587659001350403, 0.023903269320726395, 0.019116360694169998, 0.01525546982884407, 0.02205931954085827, 0.029080428183078766, 0.023716533556580544, 0.01806236058473587, 0.017500650137662888, 0.018867652863264084, 0.01990101858973503, 0.021062493324279785, 0.02384379878640175, 0.030887998640537262, 0.04339338093996048, 0.05801741033792496, 0.07064062356948853, 0.07891184836626053, 0.08317556232213974, 0.08519463241100311, 0.08726460486650467, 0.09066399931907654]}